{"cameraMode":{"drawMode":0,"name":"Shaded","section":"Shading Mode"},"sceneLighting":true,"audioPlay":false,"sceneViewState":{"showFog":true,"showMaterialUpdate":false,"showSkybox":true,"showFlares":true,"showImageEffects":true,"showParticleSystems":true},"in2DMode":false,"pivot":{"x":92.405517578125,"y":-13.015625,"z":-5.131206512451172},"rotation":{"x":-0.4946065843105316,"y":0.5054027438163757,"z":-0.5017871260643005,"w":-0.4981684684753418},"size":136.44583129882813,"orthographic":true}