{"cameraMode":{"drawMode":0,"name":"Shaded","section":"Shading Mode"},"sceneLighting":false,"audioPlay":false,"sceneViewState":{"showFog":true,"showMaterialUpdate":false,"showSkybox":true,"showFlares":true,"showImageEffects":true,"showParticleSystems":true},"in2DMode":false,"pivot":{"x":95.48283386230469,"y":-1.1442484855651856,"z":2.384185791015625e-7},"rotation":{"x":0.3040136396884918,"y":-0.6379731893539429,"z":0.30346938967704775,"w":0.6391209363937378},"size":8.871110916137696,"orthographic":false}