{"cameraMode":{"drawMode":0,"name":"Shaded","section":"Shading Mode"},"sceneLighting":true,"audioPlay":false,"sceneViewState":{"showFog":true,"showMaterialUpdate":false,"showSkybox":true,"showFlares":true,"showImageEffects":true,"showParticleSystems":true},"in2DMode":false,"pivot":{"x":579.4500732421875,"y":268.4000244140625,"z":0.0},"rotation":{"x":-0.09315270185470581,"y":0.021501487120985986,"z":-0.002012235578149557,"w":-0.9954186081886292},"size":395.26617431640627,"orthographic":false}